id,username,email,created_at
1,alicesmith,alice.smith123@example.com,2023-01-01T00:00:00
2,bobjones,bob.jones456@example.com,2023-01-02T12:34:56
3,charliebrown,charlie.brown789@example.com,2023-01-03T23:45:00
4,davidjackson,david.jackson101@example.com,2023-01-04T15:30:00
5,emmawilson,emma.wilson2023@example.com,2023-01-05T08:00:00
6,frankmiller,frank.miller_xyz@example.com,2023-01-06T18:12:34
7,gracetaylor,grace.taylor567@example.com,2023-01-07T09:45:00
8,harrysmith,harry.smith789@example.com,2023-01-08T14:20:00
9,izzyroberts,izzy.roberts456@example.com,2023-01-09T03:00:00
10,jackanderson,jack.anderson_789@example.com,2023-01-10T20:15:00
11,katejenkins,kate.jenkins_11@example.com,2023-01-11T11:11:11
12,leomartin,leo.martin_22@example.com,2023-01-12T22:22:22
13,miacarter,mia.carter_13@example.com,2023-01-13T13:30:00
14,noahdavis,noah.davis_14@example.com,2023-01-14T04:45:00
15,oliviawilson,olivia.wilson_15@example.com,2023-01-15T16:00:00
16,peterbrown,peter.brown_16@example.com,2023-01-16T07:30:00
17,quinnmiller,quinn.miller_17@example.com,2023-01-17T19:45:00
18,roseanderson,rose.anderson_18@example.com,2023-01-18T10:00:00
19,samroberts,sam.roberts_19@example.com,2023-01-19T21:15:00
20,tomjohnson,tom.johnson_20@example.com,2023-01-20T12:30:00